INSERT INTO "Dorms" (dorm_id, name, address) VALUES
(1, 'Горняк-2', 'просп. 60-летия Октября, 11, Москва'),
(2, 'Горняк-1', 'просп. 60-летия Октября, 15, Москва'),
(3, 'Металлург-1', 'ул. Профсоюзная, 83с1, Москва'),
(4, 'Металлург-2', 'ул. Профсоюзная, 83с2, Москва'),
(5, 'Металлург-3', 'ул. Профсоюзная, 83с3, Москва'),
(6, 'Металлург-4', 'ул. Академика Волгина, 4, Москва'),
(7, 'ДСГ-5', 'ул. Студенческая, 33с5, Москва'),
(8, 'ДСГ-6', 'ул. Студенческая, 33с6, Москва');-- Вставку надо добавить там 4 этажа по 8 комнат, ТАМ ЕСТЬ ЕЩЕ ЕБАНЫЙ ПРОФИЛАК ГДЕ ПОКА НЕ ПОНЯТНО СКОЛЬОК ЭТАЖЕЙ И КОМНАТ


INSERT INTO "Users" (user_id, first_name, second_name, third_name, phone, tg, role, dorm_id, password) VALUES
(1, 'Ivan', 'Ivanov', 'Ivanovich', '78005553535', 'Ivanov_Ivan', 'soo_leader', 1, '$2b$12$.oyu3ThrDsJCXHe5VfIaS.kCS4wdNMOXsmW8.rn5GOIXkcdrAlcoC'),
(2, 'Petr', 'Petrov', 'Petrovich', '77777777777', 'Petrov_Petr', 'operative', 1, '$2b$12$.oyu3ThrDsJCXHe5VfIaS.kCS4wdNMOXsmW8.rn5GOIXkcdrAlcoC');

INSERT INTO "Floors" (floor_id, dorm_id, owner_id, floor_number, renovated_date) VALUES
(1, 1, 1, 2, '2023-01-01'),-- Горняк 2
(2, 1, 1, 3, '2023-01-01'),
(3, 1, 1, 4, '2023-01-01'),
(4, 1, 1, 5, '2023-01-01'),
(5, 1, 1, 6, '2023-01-01'),
(6, 1, 1, 7, '2023-01-01'),
(7, 1, 1, 8, '2023-01-01'),
(8, 1, 1, 9, '2023-01-01'),
(9, 1, 1, 10, '2023-01-01'),
(10, 1, 1, 11, '2023-01-01'),
(11, 1, 1, 12, '2023-01-01'),
(12, 1, 1, 13, '2023-01-01'),
(13, 1, 1, 14, '2023-01-01'),
(14, 1, 1, 15, '2023-01-01'),
(15, 1, 1, 16, '2023-01-01'),

(16, 2, 1, 2, '2023-01-01'), -- Горняк 1
(17, 2, 1, 3, '2023-01-01'),
(18, 2, 1, 4, '2023-01-01'),
(19, 2, 1, 5, '2023-01-01'),
(20, 2, 1, 6, '2023-01-01'),
(21, 2, 1, 7, '2023-01-01'),
(22, 2, 1, 8, '2023-01-01'),
(23, 2, 1, 9, '2023-01-01'),
(24, 2, 1, 10, '2023-01-01'),
(25, 2, 1, 11, '2023-01-01'),
(26, 2, 1, 12, '2023-01-01'),
(27, 2, 1, 13, '2023-01-01'),
(28, 2, 1, 14, '2023-01-01'),
(29, 2, 1, 15, '2023-01-01'),

(30, 3, 1, 2, '2023-01-01'), -- Металлург  1
(31, 3, 1, 3, '2023-01-01'),
(32, 3, 1, 4, '2023-01-01'),
(33, 3, 1, 5, '2023-01-01'),
(34, 3, 1, 6, '2023-01-01'),
(35, 3, 1, 7, '2023-01-01'),
(36, 3, 1, 8, '2023-01-01'),
(37, 3, 1, 9, '2023-01-01'),
(38, 3, 1, 10, '2023-01-01'),
(39, 3, 1, 11, '2023-01-01'),
(40, 3, 1, 12, '2023-01-01'),
(41, 3, 1, 13, '2023-01-01'),
(42, 3, 1, 14, '2023-01-01'),
(43, 3, 1, 15, '2023-01-01'),
(44, 3, 1, 16, '2023-01-01'),

(46, 4, 1, 2, '2023-01-01'), -- Металлург  2
(47, 4, 1, 3, '2023-01-01'),
(48, 4, 1, 4, '2023-01-01'),
(49, 4, 1, 5, '2023-01-01'),
(50, 4, 1, 6, '2023-01-01'),
(51, 4, 1, 7, '2023-01-01'),
(52, 4, 1, 8, '2023-01-01'),
(53, 4, 1, 9, '2023-01-01'),
(54, 4, 1, 10, '2023-01-01'),
(55, 4, 1, 11, '2023-01-01'),
(56, 4, 1, 12, '2023-01-01'),
(57, 4, 1, 13, '2023-01-01'),
(58, 4, 1, 14, '2023-01-01'),
(59, 4, 1, 15, '2023-01-01'),
(60, 4, 1, 16, '2023-01-01'),

(61, 5, 1, 2, '2023-01-01'), -- Металлург  3
(62, 5, 1, 3, '2023-01-01'),
(63, 5, 1, 4, '2023-01-01'),
(64, 5, 1, 5, '2023-01-01'),
(65, 5, 1, 6, '2023-01-01'),
(66, 5, 1, 7, '2023-01-01'),
(67, 5, 1, 8, '2023-01-01'),
(68, 5, 1, 9, '2023-01-01'),
(69, 5, 1, 10, '2023-01-01'),
(70, 5, 1, 11, '2023-01-01'),
(71, 5, 1, 12, '2023-01-01'),
(72, 5, 1, 13, '2023-01-01'),
(73, 5, 1, 14, '2023-01-01'),
(74, 5, 1, 15, '2023-01-01'),
(75, 5, 1, 16, '2023-01-01'),
(76, 6, 1, 2, '2023-01-01'), -- Металлург  4
(77, 6, 1, 3, '2023-01-01'),
(78, 6, 1, 4, '2023-01-01'),
(79, 6, 1, 5, '2023-01-01'),
(80, 6, 1, 6, '2023-01-01'),
(81, 6, 1, 7, '2023-01-01'),
(82, 6, 1, 8, '2023-01-01'),
(83, 6, 1, 9, '2023-01-01'),
(84, 6, 1, 10, '2023-01-01'),
(85, 6, 1, 11, '2023-01-01'),
(86, 6, 1, 12, '2023-01-01'),
(87, 6, 1, 13, '2023-01-01'),
(88, 6, 1, 14, '2023-01-01'),
(89, 6, 1, 15, '2023-01-01'),
(90, 6, 1, 16, '2023-01-01'),
(91, 7, 1, 2, '2023-01-01'), -- ДСГ  5
(92, 7, 1, 3, '2023-01-01'),
(93, 7, 1, 4, '2023-01-01'),
(94, 7, 1, 5, '2023-01-01'),
(95, 7, 1, 6, '2023-01-01'),
(96, 8, 1, 2, '2023-01-01'), -- ДСГ  6
(97, 8, 1, 3, '2023-01-01'),
(98, 8, 1, 4, '2023-01-01'),
(99, 8, 1, 5, '2023-01-01'),
(100, 8, 1, 6, '2023-01-01');


INSERT INTO "Rooms" (floor_id, block_number, room_number) VALUES
-- 2 этажи
(1, 201, 3), (1, 201, 2), (1, 202, 3), (1, 202, 2), (1, 203, 3), (1, 203, 2), (1, 204, 3), (1, 204, 2), (1, 205, 3), (1, 205, 2), (1, 206, 3), (1, 206, 2), (1, 207, 3), (1, 207, 2), (1, 208, 3), (1, 208, 2), (1, 209, 3), (1, 209, 2), (1, 210, 3), (1, 210, 2), (1, 211, 3), (1, 211, 2), (1, 212, 3), (1, 212, 2), (1, 213, 3), (1, 213, 2), (1, 214, 3), (1, 214, 2), (1, 215, 3), (1, 215, 2), (1, 216, 3), (1, 216, 2), (1, 217, 3), (1, 217, 2), (1, 218, 3), (1, 218, 2),
(2, 201, 3), (2, 201, 2), (2, 202, 3), (2, 202, 2), (2, 203, 3), (2, 203, 2), (2, 204, 3), (2, 204, 2), (2, 205, 3), (2, 205, 2), (2, 206, 3), (2, 206, 2), (2, 207, 3), (2, 207, 2), (2, 208, 3), (2, 208, 2), (2, 209, 3), (2, 209, 2), (2, 210, 3), (2, 210, 2), (2, 211, 3), (2, 211, 2), (2, 212, 3), (2, 212, 2), (2, 213, 3), (2, 213, 2), (2, 214, 3), (2, 214, 2), (2, 215, 3), (2, 215, 2), (2, 216, 3), (2, 216, 2), (2, 217, 3), (2, 217, 2), (2, 218, 3), (2, 218, 2),
(3, 201, 3), (3, 201, 2), (3, 202, 3), (3, 202, 2), (3, 203, 3), (3, 203, 2), (3, 204, 3), (3, 204, 2), (3, 205, 3), (3, 205, 2), (3, 206, 3), (3, 206, 2), (3, 207, 3), (3, 207, 2), (3, 208, 3), (3, 208, 2), (3, 209, 3), (3, 209, 2), (3, 210, 3), (3, 210, 2), (3, 211, 3), (3, 211, 2), (3, 212, 3), (3, 212, 2), (3, 213, 3), (3, 213, 2), (3, 214, 3), (3, 214, 2), (3, 215, 3), (3, 215, 2), (3, 216, 3), (3, 216, 2), (3, 217, 3), (3, 217, 2), (3, 218, 3), (3, 218, 2),
(4, 201, 3), (4, 201, 2), (4, 202, 3), (4, 202, 2), (4, 203, 3), (4, 203, 2), (4, 204, 3), (4, 204, 2), (4, 205, 3), (4, 205, 2), (4, 206, 3), (4, 206, 2), (4, 207, 3), (4, 207, 2), (4, 208, 3), (4, 208, 2), (4, 209, 3), (4, 209, 2), (4, 210, 3), (4, 210, 2), (4, 211, 3), (4, 211, 2), (4, 212, 3), (4, 212, 2), (4, 213, 3), (4, 213, 2), (4, 214, 3), (4, 214, 2), (4, 215, 3), (4, 215, 2), (4, 216, 3), (4, 216, 2), (4, 217, 3), (4, 217, 2), (4, 218, 3), (4, 218, 2),
(5, 201, 3), (5, 201, 2), (5, 202, 3), (5, 202, 2), (5, 203, 3), (5, 203, 2), (5, 204, 3), (5, 204, 2), (5, 205, 3), (5, 205, 2), (5, 206, 3), (5, 206, 2), (5, 207, 3), (5, 207, 2), (5, 208, 3), (5, 208, 2), (5, 209, 3), (5, 209, 2), (5, 210, 3), (5, 210, 2), (5, 211, 3), (5, 211, 2), (5, 212, 3), (5, 212, 2), (5, 213, 3), (5, 213, 2), (5, 214, 3), (5, 214, 2), (5, 215, 3), (5, 215, 2), (5, 216, 3), (5, 216, 2), (5, 217, 3), (5, 217, 2), (5, 218, 3), (5, 218, 2),
(6, 201, 3), (6, 201, 2), (6, 202, 3), (6, 202, 2), (6, 203, 3), (6, 203, 2), (6, 204, 3), (6, 204, 2), (6, 205, 3), (6, 205, 2), (6, 206, 3), (6, 206, 2), (6, 207, 3), (6, 207, 2), (6, 208, 3), (6, 208, 2), (6, 209, 3), (6, 209, 2), (6, 210, 3), (6, 210, 2), (6, 211, 3), (6, 211, 2), (6, 212, 3), (6, 212, 2), (6, 213, 3), (6, 213, 2), (6, 214, 3), (6, 214, 2), (6, 215, 3), (6, 215, 2), (6, 216, 3), (6, 216, 2), (6, 217, 3), (6, 217, 2), (6, 218, 3), (6, 218, 2),
(7, 201, null), (7, 202, null), (7, 203, null), (7, 204, null), (7, 205, null), (7, 206, null), (7, 207, null), (7, 208, null), (7, 209, null), (7, 210, null), (7, 211, null), (7, 212, null), (7, 213, null), (7, 214, null), (7, 215, null), (7, 216, null), (7, 217, null), (7, 218, null), (7, 219, null), (7, 220, null), (7, 221, null), (7, 222, null), (7, 223, null), (7, 224, null), (7, 225, null), (7, 226, null), (7, 227, null), (7, 228, null),
(8, 201, null), (8, 202, null), (8, 203, null), (8, 204, null), (8, 205, null), (8, 206, null), (8, 207, null), (8, 208, null), (8, 209, null), (8, 210, null), (8, 211, null), (8, 212, null), (8, 213, null), (8, 214, null), (8, 215, null), (8, 216, null), (8, 217, null), (8, 218, null), (8, 219, null), (8, 220, null), (8, 221, null), (8, 222, null), (8, 223, null), (8, 224, null), (8, 225, null), (8, 226, null), (8, 227, null), (8, 228, null),
-- 3 этажи
(9, 301, 3), (9, 301, 2), (9, 302, 3), (9, 302, 2), (9, 303, 3), (9, 303, 2), (9, 304, 3), (9, 304, 2), (9, 305, 3), (9, 305, 2), (9, 306, 3), (9, 306, 2), (9, 307, 3), (9, 307, 2), (9, 308, 3), (9, 308, 2), (9, 309, 3), (9, 309, 2), (9, 310, 3), (9, 310, 2), (9, 311, 3), (9, 311, 2), (9, 312, 3), (9, 312, 2), (9, 313, 3), (9, 313, 2), (9, 314, 3), (9, 314, 2), (9, 315, 3), (9, 315, 2), (9, 316, 3), (9, 316, 2), (9, 317, 3), (9, 317, 2), (9, 318, 3), (9, 318, 2),
(10, 301, 3), (10, 301, 2), (10, 302, 3), (10, 302, 2), (10, 303, 3), (10, 303, 2), (10, 304, 3), (10, 304, 2), (10, 305, 3), (10, 305, 2), (10, 306, 3), (10, 306, 2), (10, 307, 3), (10, 307, 2), (10, 308, 3), (10, 308, 2), (10, 309, 3), (10, 309, 2), (10, 310, 3), (10, 310, 2), (10, 311, 3), (10, 311, 2), (10, 312, 3), (10, 312, 2), (10, 313, 3), (10, 313, 2), (10, 314, 3), (10, 314, 2), (10, 316, 3), (10, 316, 2), (10, 315, 3), (10, 315, 2), (10, 317, 3), (10, 317, 2), (10, 318, 3), (10, 318, 2),
(11, 301, 3), (11, 301, 2), (11, 302, 3), (11, 302, 2), (11, 303, 3), (11, 303, 2), (11, 304, 3), (11, 304, 2), (11, 305, 3), (11, 305, 2), (11, 306, 3), (11, 306, 2), (11, 307, 3), (11, 307, 2), (11, 308, 3), (11, 308, 2), (11, 309, 3), (11, 309, 2), (11, 310, 3), (11, 310, 2), (11, 311, 3), (11, 311, 2), (11, 312, 3), (11, 312, 2), (11, 313, 3), (11, 313, 2), (11, 314, 3), (11, 314, 2), (11, 316, 3), (11, 316, 2), (11, 315, 3), (11, 315, 2), (11, 317, 3), (11, 317, 2), (11, 318, 3), (11, 318, 2),
(12, 301, 3), (12, 301, 2), (12, 302, 3), (12, 302, 2), (12, 303, 3), (12, 303, 2), (12, 304, 3), (12, 304, 2), (12, 305, 3), (12, 305, 2), (12, 306, 3), (12, 306, 2), (12, 307, 3), (12, 307, 2), (12, 308, 3), (12, 308, 2), (12, 309, 3), (12, 309, 2), (12, 310, 3), (12, 310, 2), (12, 311, 3), (12, 311, 2), (12, 312, 3), (12, 312, 2), (12, 313, 3), (12, 313, 2), (12, 314, 3), (12, 314, 2), (12, 316, 3), (12, 316, 2), (12, 315, 3), (12, 315, 2), (12, 317, 3), (12, 317, 2), (12, 318, 3), (12, 318, 2),
(13, 301, 3), (13, 301, 2), (13, 302, 3), (13, 302, 2), (13, 303, 3), (13, 303, 2), (13, 304, 3), (13, 304, 2), (13, 305, 3), (13, 305, 2), (13, 306, 3), (13, 306, 2), (13, 307, 3), (13, 307, 2), (13, 308, 3), (13, 308, 2), (13, 309, 3), (13, 309, 2), (13, 310, 3), (13, 310, 2), (13, 311, 3), (13, 311, 2), (13, 312, 3), (13, 312, 2), (13, 313, 3), (13, 313, 2), (13, 314, 3), (13, 314, 2), (13, 316, 3), (13, 316, 2), (13, 315, 3), (13, 315, 2), (13, 317, 3), (13, 317, 2), (13, 318, 3), (13, 318, 2),
(14, 301, 3), (14, 301, 2), (14, 302, 3), (14, 302, 2), (14, 303, 3), (14, 303, 2), (14, 304, 3), (14, 304, 2), (14, 305, 3), (14, 305, 2), (14, 306, 3), (14, 306, 2), (14, 307, 3), (14, 307, 2), (14, 308, 3), (14, 308, 2), (14, 309, 3), (14, 309, 2), (14, 310, 3), (14, 310, 2), (14, 311, 3), (14, 311, 2), (14, 312, 3), (14, 312, 2), (14, 313, 3), (14, 313, 2), (14, 314, 3), (14, 314, 2), (14, 316, 3), (14, 316, 2), (14, 315, 3), (14, 315, 2), (14, 317, 3), (14, 317, 2), (14, 318, 3), (14, 318, 2),
(15, 301, null), (15, 302, null), (15, 303, null), (15, 304, null), (15, 305, null), (15, 306, null), (15, 307, null), (15, 308, null), (15, 309, null), (15, 310, null), (15, 311, null), (15, 312, null), (15, 313, null), (15, 314, null), (15, 315, null), (15, 316, null), (15, 317, null), (15, 318, null), (15, 319, null), (15, 320, null), (15, 321, null), (15, 322, null), (15, 323, null), (15, 324, null), (15, 325, null), (15, 326, null), (15, 327, null), (15, 328, null),
(16, 301, null), (16, 302, null), (16, 303, null), (16, 304, null), (16, 305, null), (16, 306, null), (16, 307, null), (16, 308, null), (16, 309, null), (16, 310, null), (16, 311, null), (16, 312, null), (16, 313, null), (16, 314, null), (16, 315, null), (16, 316, null), (16, 317, null), (16, 318, null), (16, 319, null), (16, 320, null), (16, 321, null), (16, 322, null), (16, 323, null), (16, 324, null), (16, 325, null), (16, 326, null), (16, 327, null), (16, 328, null),
-- 4 этаж
(17, 401, 3), (17, 401, 2), (17, 402, 3), (17, 402, 2), (17, 403, 3), (17, 403, 2), (17, 404, 3), (17, 404, 2), (17, 405, 3), (17, 405, 2), (17, 406, 3), (17, 406, 2), (17, 407, 3), (17, 407, 2), (17, 408, 3), (17, 408, 2), (17, 409, 3), (17, 409, 2), (17, 410, 3), (17, 410, 2), (17, 411, 3), (17, 411, 2), (17, 412, 3), (17, 412, 2), (17, 413, 3), (17, 413, 2), (17, 414, 3), (17, 414, 2), (17, 415, 3), (17, 415, 2), (17, 416, 3), (17, 416, 2), (17, 417, 3), (17, 417, 2), (17, 418, 3), (17, 418, 2),
(18, 401, 3), (18, 401, 2), (18, 402, 3), (18, 402, 2), (18, 403, 3), (18, 403, 2), (18, 404, 3), (18, 404, 2), (18, 405, 3), (18, 405, 2), (18, 406, 3), (18, 406, 2), (18, 407, 3), (18, 407, 2), (18, 408, 3), (18, 408, 2), (18, 409, 3), (18, 409, 2), (18, 410, 3), (18, 410, 2), (18, 411, 3), (18, 411, 2), (18, 412, 3), (18, 412, 2), (18, 413, 3), (18, 413, 2), (18, 414, 3), (18, 414, 2), (18, 415, 3), (18, 415, 2), (18, 416, 3), (18, 416, 2), (18, 417, 3), (18, 417, 2), (18, 418, 3), (18, 418, 2),
(19, 401, 3), (19, 401, 2), (19, 402, 3), (19, 402, 2), (19, 403, 3), (19, 403, 2), (19, 404, 3), (19, 404, 2), (19, 405, 3), (19, 405, 2), (19, 406, 3), (19, 406, 2), (19, 407, 3), (19, 407, 2), (19, 408, 3), (19, 408, 2), (19, 409, 3), (19, 409, 2), (19, 410, 3), (19, 410, 2), (19, 411, 3), (19, 411, 2), (19, 412, 3), (19, 412, 2), (19, 413, 3), (19, 413, 2), (19, 414, 3), (19, 414, 2), (19, 415, 3), (19, 415, 2), (19, 416, 3), (19, 416, 2), (19, 417, 3), (19, 417, 2), (19, 418, 3), (19, 418, 2),
(20, 401, 3), (20, 401, 2), (20, 402, 3), (20, 402, 2), (20, 403, 3), (20, 403, 2), (20, 404, 3), (20, 404, 2), (20, 405, 3), (20, 405, 2), (20, 406, 3), (20, 406, 2), (20, 407, 3), (20, 407, 2), (20, 408, 3), (20, 408, 2), (20, 409, 3), (20, 409, 2), (20, 410, 3), (20, 410, 2), (20, 411, 3), (20, 411, 2), (20, 412, 3), (20, 412, 2), (20, 413, 3), (20, 413, 2), (20, 414, 3), (20, 414, 2), (20, 415, 3), (20, 415, 2), (20, 416, 3), (20, 416, 2), (20, 417, 3), (20, 417, 2), (20, 418, 3), (20, 418, 2),
(21, 401, 3), (21, 401, 2), (21, 402, 3), (21, 402, 2), (21, 403, 3), (21, 403, 2), (21, 404, 3), (21, 404, 2), (21, 405, 3), (21, 405, 2), (21, 406, 3), (21, 406, 2), (21, 407, 3), (21, 407, 2), (21, 408, 3), (21, 408, 2), (21, 409, 3), (21, 409, 2), (21, 410, 3), (21, 410, 2), (21, 411, 3), (21, 411, 2), (21, 412, 3), (21, 412, 2), (21, 413, 3), (21, 413, 2), (21, 414, 3), (21, 414, 2), (21, 415, 3), (21, 415, 2), (21, 416, 3), (21, 416, 2), (21, 417, 3), (21, 417, 2), (21, 418, 3), (21, 418, 2),
(22, 401, 3), (22, 401, 2), (22, 402, 3), (22, 402, 2), (22, 403, 3), (22, 403, 2), (22, 404, 3), (22, 404, 2), (22, 405, 3), (22, 405, 2), (22, 406, 3), (22, 406, 2), (22, 407, 3), (22, 407, 2), (22, 408, 3), (22, 408, 2), (22, 409, 3), (22, 409, 2), (22, 410, 3), (22, 410, 2), (22, 411, 3), (22, 411, 2), (22, 412, 3), (22, 412, 2), (22, 413, 3), (22, 413, 2), (22, 414, 3), (22, 414, 2), (22, 415, 3), (22, 415, 2), (22, 416, 3), (22, 416, 2), (22, 417, 3), (22, 417, 2), (22, 418, 3), (22, 418, 2),
(23, 401, null), (23, 402, null), (23, 403, null), (23, 404, null), (23, 405, null), (23, 406, null), (23, 407, null), (23, 408, null), (23, 409, null), (23, 410, null), (23, 411, null), (23, 412, null), (23, 413, null), (23, 414, null), (23, 415, null), (23, 416, null), (23, 417, null), (23, 418, null), (23, 419, null), (23, 420, null), (23, 421, null), (23, 422, null), (23, 423, null), (23, 424, null), (23, 425, null), (23, 426, null), (23, 427, null), (23, 428, null),
(24, 401, null), (24, 402, null), (24, 403, null), (24, 404, null), (24, 405, null), (24, 406, null), (24, 407, null), (24, 408, null), (24, 409, null), (24, 410, null), (24, 411, null), (24, 412, null), (24, 413, null), (24, 414, null), (24, 415, null), (24, 416, null), (24, 417, null), (24, 418, null), (24, 419, null), (24, 420, null), (24, 421, null), (24, 422, null), (24, 423, null), (24, 424, null), (24, 425, null), (24, 426, null), (24, 427, null), (24, 428, null),
-- 5 этаж
(25, 501, 3), (25, 501, 2), (25, 502, 3), (25, 502, 2), (25, 503, 3), (25, 503, 2), (25, 504, 3), (25, 504, 2), (25, 505, 3), (25, 505, 2), (25, 506, 3), (25, 506, 2), (25, 507, 3), (25, 507, 2), (25, 508, 3), (25, 508, 2), (25, 509, 3), (25, 509, 2), (25, 510, 3), (25, 510, 2), (25, 511, 3), (25, 511, 2), (25, 512, 3), (25, 512, 2), (25, 513, 3), (25, 513, 2), (25, 514, 3), (25, 514, 2), (25, 515, 3), (25, 515, 2), (25, 516, 3), (25, 516, 2), (25, 517, 3), (25, 517, 2), (25, 518, 3), (25, 518, 2),
(26, 501, 3), (26, 501, 2), (26, 502, 3), (26, 502, 2), (26, 503, 3), (26, 503, 2), (26, 504, 3), (26, 504, 2), (26, 505, 3), (26, 505, 2), (26, 506, 3), (26, 506, 2), (26, 507, 3), (26, 507, 2), (26, 508, 3), (26, 508, 2), (26, 509, 3), (26, 509, 2), (26, 510, 3), (26, 510, 2), (26, 511, 3), (26, 511, 2), (26, 512, 3), (26, 512, 2), (26, 513, 3), (26, 513, 2), (26, 514, 3), (26, 514, 2), (26, 515, 3), (26, 515, 2), (26, 516, 3), (26, 516, 2), (26, 517, 3), (26, 517, 2), (26, 518, 3), (26, 518, 2),
(27, 501, 3), (27, 501, 2), (27, 502, 3), (27, 502, 2), (27, 503, 3), (27, 503, 2), (27, 504, 3), (27, 504, 2), (27, 505, 3), (27, 505, 2), (27, 506, 3), (27, 506, 2), (27, 507, 3), (27, 507, 2), (27, 508, 3), (27, 508, 2), (27, 509, 3), (27, 509, 2), (27, 510, 3), (27, 510, 2), (27, 511, 3), (27, 511, 2), (27, 512, 3), (27, 512, 2), (27, 513, 3), (27, 513, 2), (27, 514, 3), (27, 514, 2), (27, 515, 3), (27, 515, 2), (27, 516, 3), (27, 516, 2), (27, 517, 3), (27, 517, 2), (27, 518, 3), (27, 518, 2),
(28, 501, 3), (28, 501, 2), (28, 502, 3), (28, 502, 2), (28, 503, 3), (28, 503, 2), (28, 504, 3), (28, 504, 2), (28, 505, 3), (28, 505, 2), (28, 506, 3), (28, 506, 2), (28, 507, 3), (28, 507, 2), (28, 508, 3), (28, 508, 2), (28, 509, 3), (28, 509, 2), (28, 510, 3), (28, 510, 2), (28, 511, 3), (28, 511, 2), (28, 512, 3), (28, 512, 2), (28, 513, 3), (28, 513, 2), (28, 514, 3), (28, 514, 2), (28, 515, 3), (28, 515, 2), (28, 516, 3), (28, 516, 2), (28, 517, 3), (28, 517, 2), (28, 518, 3), (28, 518, 2),
(29, 501, 3), (29, 501, 2), (29, 502, 3), (29, 502, 2), (29, 503, 3), (29, 503, 2), (29, 504, 3), (29, 504, 2), (29, 505, 3), (29, 505, 2), (29, 506, 3), (29, 506, 2), (29, 507, 3), (29, 507, 2), (29, 508, 3), (29, 508, 2), (29, 509, 3), (29, 509, 2), (29, 510, 3), (29, 510, 2), (29, 511, 3), (29, 511, 2), (29, 512, 3), (29, 512, 2), (29, 513, 3), (29, 513, 2), (29, 514, 3), (29, 514, 2), (29, 515, 3), (29, 515, 2), (29, 516, 3), (29, 516, 2), (29, 517, 3), (29, 517, 2), (29, 518, 3), (29, 518, 2),
(30, 501, 3), (30, 501, 2), (30, 502, 3), (30, 502, 2), (30, 503, 3), (30, 503, 2), (30, 504, 3), (30, 504, 2), (30, 505, 3), (30, 505, 2), (30, 506, 3), (30, 506, 2), (30, 507, 3), (30, 507, 2), (30, 508, 3), (30, 508, 2), (30, 509, 3), (30, 509, 2), (30, 510, 3), (30, 510, 2), (30, 511, 3), (30, 511, 2), (30, 512, 3), (30, 512, 2), (30, 513, 3), (30, 513, 2), (30, 514, 3), (30, 514, 2), (30, 515, 3), (30, 515, 2), (30, 516, 3), (30, 516, 2), (30, 517, 3), (30, 517, 2), (30, 518, 3), (30, 518, 2),
(31, 501, null), (31, 502, null), (31, 503, null), (31, 504, null), (31, 505, null), (31, 506, null), (31, 507, null), (31, 508, null), (31, 509, null), (31, 510, null), (31, 511, null), (31, 512, null), (31, 513, null), (31, 514, null), (31, 515, null), (31, 516, null), (31, 517, null), (31, 518, null), (31, 519, null), (31, 520, null), (31, 521, null), (31, 522, null), (31, 523, null), (31, 524, null), (31, 525, null), (31, 526, null), (31, 527, null), (31, 528, null),
(32, 501, null), (32, 502, null), (32, 503, null), (32, 504, null), (32, 505, null), (32, 506, null), (32, 507, null), (32, 508, null), (32, 509, null), (32, 510, null), (32, 511, null), (32, 512, null), (32, 513, null), (32, 514, null), (32, 515, null), (32, 516, null), (32, 517, null), (32, 518, null), (32, 519, null), (32, 520, null), (32, 521, null), (32, 522, null), (32, 523, null), (32, 524, null), (32, 525, null), (32, 526, null), (32, 527, null), (32, 528, null),
-- 6 этаж
(33, 601, 3), (33, 601, 2), (33, 602, 3), (33, 602, 2), (33, 603, 3), (33, 603, 2), (33, 604, 3), (33, 604, 2), (33, 605, 3), (33, 605, 2), (33, 606, 3), (33, 606, 2), (33, 607, 3), (33, 607, 2), (33, 608, 3), (33, 608, 2), (33, 609, 3), (33, 609, 2), (33, 510, 3), (33, 510, 2), (33, 611, 3), (33, 611, 2), (33, 612, 3), (33, 612, 2), (33, 613, 3), (33, 613, 2), (33, 614, 3), (33, 614, 2), (33, 615, 3), (33, 615, 2), (33, 616, 3), (33, 616, 2), (33, 617, 3), (33, 617, 2), (33, 618, 3), (33, 618, 2),
(34, 601, 3), (34, 601, 2), (34, 602, 3), (34, 602, 2), (34, 603, 3), (34, 603, 2), (34, 604, 3), (34, 604, 2), (34, 605, 3), (34, 605, 2), (34, 606, 3), (34, 606, 2), (34, 607, 3), (34, 607, 2), (34, 608, 3), (34, 608, 2), (34, 609, 3), (34, 609, 2), (34, 510, 3), (34, 510, 2), (34, 611, 3), (34, 611, 2), (34, 612, 3), (34, 612, 2), (34, 613, 3), (34, 613, 2), (34, 614, 3), (34, 614, 2), (34, 615, 3), (34, 615, 2), (34, 616, 3), (34, 616, 2), (34, 617, 3), (34, 617, 2), (34, 618, 3), (34, 618, 2),
(35, 601, 3), (35, 601, 2), (35, 602, 3), (35, 602, 2), (35, 603, 3), (35, 603, 2), (35, 604, 3), (35, 604, 2), (35, 605, 3), (35, 605, 2), (35, 606, 3), (35, 606, 2), (35, 607, 3), (35, 607, 2), (35, 608, 3), (35, 608, 2), (35, 609, 3), (35, 609, 2), (35, 510, 3), (35, 510, 2), (35, 611, 3), (35, 611, 2), (35, 612, 3), (35, 612, 2), (35, 613, 3), (35, 613, 2), (35, 614, 3), (35, 614, 2), (35, 615, 3), (35, 615, 2), (35, 616, 3), (35, 616, 2), (35, 617, 3), (35, 617, 2), (35, 618, 3), (35, 618, 2),
(36, 601, 3), (36, 601, 2), (36, 602, 3), (36, 602, 2), (36, 603, 3), (36, 603, 2), (36, 604, 3), (36, 604, 2), (36, 605, 3), (36, 605, 2), (36, 606, 3), (36, 606, 2), (36, 607, 3), (36, 607, 2), (36, 608, 3), (36, 608, 2), (36, 609, 3), (36, 609, 2), (36, 510, 3), (36, 510, 2), (36, 611, 3), (36, 611, 2), (36, 612, 3), (36, 612, 2), (36, 613, 3), (36, 613, 2), (36, 614, 3), (36, 614, 2), (36, 615, 3), (36, 615, 2), (36, 616, 3), (36, 616, 2), (36, 617, 3), (36, 617, 2), (36, 618, 3), (36, 618, 2),
(37, 601, 3), (37, 601, 2), (37, 602, 3), (37, 602, 2), (37, 603, 3), (37, 603, 2), (37, 604, 3), (37, 604, 2), (37, 605, 3), (37, 605, 2), (37, 606, 3), (37, 606, 2), (37, 607, 3), (37, 607, 2), (37, 608, 3), (37, 608, 2), (37, 609, 3), (37, 609, 2), (37, 510, 3), (37, 510, 2), (37, 611, 3), (37, 611, 2), (37, 612, 3), (37, 612, 2), (37, 613, 3), (37, 613, 2), (37, 614, 3), (37, 614, 2), (37, 615, 3), (37, 615, 2), (37, 616, 3), (37, 616, 2), (37, 617, 3), (37, 617, 2), (37, 618, 3), (37, 618, 2),
(38, 601, 3), (38, 601, 2), (38, 602, 3), (38, 602, 2), (38, 603, 3), (38, 603, 2), (38, 604, 3), (38, 604, 2), (38, 605, 3), (38, 605, 2), (38, 606, 3), (38, 606, 2), (38, 607, 3), (38, 607, 2), (38, 608, 3), (38, 608, 2), (38, 609, 3), (38, 609, 2), (38, 510, 3), (38, 510, 2), (38, 611, 3), (38, 611, 2), (38, 612, 3), (38, 612, 2), (38, 613, 3), (38, 613, 2), (38, 614, 3), (38, 614, 2), (38, 615, 3), (38, 615, 2), (38, 616, 3), (38, 616, 2), (38, 617, 3), (38, 617, 2), (38, 618, 3), (38, 618, 2),
(39, 601, null), (39, 602, null), (39, 603, null), (39, 604, null), (39, 605, null), (39, 606, null), (39, 607, null), (39, 608, null), (39, 609, null), (39, 510, null), (39, 611, null), (39, 612, null), (39, 613, null), (39, 614, null), (39, 615, null), (39, 616, null), (39, 617, null), (39, 618, null), (39, 619, null), (39, 620, null), (39, 621, null), (39, 622, null), (39, 623, null), (39, 624, null), (39, 625, null), (39, 626, null), (39, 627, null), (39, 628, null),
(40, 601, null), (40, 602, null), (40, 603, null), (40, 604, null), (40, 605, null), (40, 606, null), (40, 607, null), (40, 608, null), (40, 609, null), (40, 510, null), (40, 611, null), (40, 612, null), (40, 613, null), (40, 614, null), (40, 615, null), (40, 616, null), (40, 617, null), (40, 618, null), (40, 619, null), (40, 620, null), (40, 621, null), (40, 622, null), (40, 623, null), (40, 624, null), (40, 625, null), (40, 626, null), (40, 627, null), (40, 628, null),
-- 7 этаж
(41, 701, 3), (41, 701, 2), (41, 702, 3), (41, 702, 2), (41, 703, 3), (41, 703, 2), (41, 704, 3), (41, 704, 2), (41, 705, 3), (41, 705, 2), (41, 706, 3), (41, 706, 2), (41, 707, 3), (41, 707, 2), (41, 708, 3), (41, 708, 2), (41, 709, 3), (41, 709, 2), (41, 710, 3), (41, 710, 2), (41, 711, 3), (41, 711, 2), (41, 712, 3), (41, 712, 2), (41, 713, 3), (41, 713, 2), (41, 714, 3), (41, 714, 2), (41, 715, 3), (41, 715, 2), (41, 716, 3), (41, 716, 2), (41, 717, 3), (41, 717, 2), (41, 718, 3), (41, 718, 2),
(42, 701, 3), (42, 701, 2), (42, 702, 3), (42, 702, 2), (42, 703, 3), (42, 703, 2), (42, 704, 3), (42, 704, 2), (42, 705, 3), (42, 705, 2), (42, 706, 3), (42, 706, 2), (42, 707, 3), (42, 707, 2), (42, 708, 3), (42, 708, 2), (42, 709, 3), (42, 709, 2), (42, 710, 3), (42, 710, 2), (42, 711, 3), (42, 711, 2), (42, 712, 3), (42, 712, 2), (42, 713, 3), (42, 713, 2), (42, 714, 3), (42, 714, 2), (42, 715, 3), (42, 715, 2), (42, 716, 3), (42, 716, 2), (42, 717, 3), (42, 717, 2), (42, 718, 3), (42, 718, 2),
(43, 701, 3), (43, 701, 2), (43, 702, 3), (43, 702, 2), (43, 703, 3), (43, 703, 2), (43, 704, 3), (43, 704, 2), (43, 705, 3), (43, 705, 2), (43, 706, 3), (43, 706, 2), (43, 707, 3), (43, 707, 2), (43, 708, 3), (43, 708, 2), (43, 709, 3), (43, 709, 2), (43, 710, 3), (43, 710, 2), (43, 711, 3), (43, 711, 2), (43, 712, 3), (43, 712, 2), (43, 713, 3), (43, 713, 2), (43, 714, 3), (43, 714, 2), (43, 715, 3), (43, 715, 2), (43, 716, 3), (43, 716, 2), (43, 717, 3), (43, 717, 2), (43, 718, 3), (43, 718, 2),
(44, 701, 3), (44, 701, 2), (44, 702, 3), (44, 702, 2), (44, 703, 3), (44, 703, 2), (44, 704, 3), (44, 704, 2), (44, 705, 3), (44, 705, 2), (44, 706, 3), (44, 706, 2), (44, 707, 3), (44, 707, 2), (44, 708, 3), (44, 708, 2), (44, 709, 3), (44, 709, 2), (44, 710, 3), (44, 710, 2), (44, 711, 3), (44, 711, 2), (44, 712, 3), (44, 712, 2), (44, 713, 3), (44, 713, 2), (44, 714, 3), (44, 714, 2), (44, 715, 3), (44, 715, 2), (44, 716, 3), (44, 716, 2), (44, 717, 3), (44, 717, 2), (44, 718, 3), (44, 718, 2),
(45, 701, 3), (45, 701, 2), (45, 702, 3), (45, 702, 2), (45, 703, 3), (45, 703, 2), (45, 704, 3), (45, 704, 2), (45, 705, 3), (45, 705, 2), (45, 706, 3), (45, 706, 2), (45, 707, 3), (45, 707, 2), (45, 708, 3), (45, 708, 2), (45, 709, 3), (45, 709, 2), (45, 710, 3), (45, 710, 2), (45, 711, 3), (45, 711, 2), (45, 712, 3), (45, 712, 2), (45, 713, 3), (45, 713, 2), (45, 714, 3), (45, 714, 2), (45, 715, 3), (45, 715, 2), (45, 716, 3), (45, 716, 2), (45, 717, 3), (45, 717, 2), (45, 718, 3), (45, 718, 2),
(46, 701, 3), (46, 701, 2), (46, 702, 3), (46, 702, 2), (46, 703, 3), (46, 703, 2), (46, 704, 3), (46, 704, 2), (46, 705, 3), (46, 705, 2), (46, 706, 3), (46, 706, 2), (46, 707, 3), (46, 707, 2), (46, 708, 3), (46, 708, 2), (46, 709, 3), (46, 709, 2), (46, 710, 3), (46, 710, 2), (46, 711, 3), (46, 711, 2), (46, 712, 3), (46, 712, 2), (46, 713, 3), (46, 713, 2), (46, 714, 3), (46, 714, 2), (46, 715, 3), (46, 715, 2), (46, 716, 3), (46, 716, 2), (46, 717, 3), (46, 717, 2), (46, 718, 3), (46, 718, 2),
-- 8 этаж
(47, 801, 3), (47, 801, 2), (47, 802, 3), (47, 802, 2), (47, 803, 3), (47, 803, 2), (47, 804, 3), (47, 804, 2), (47, 805, 3), (47, 805, 2), (47, 806, 3), (47, 806, 2), (47, 807, 3), (47, 807, 2), (47, 808, 3), (47, 808, 2), (47, 809, 3), (47, 809, 2), (47, 810, 3), (47, 810, 2), (47, 811, 3), (47, 811, 2), (47, 812, 3), (47, 812, 2), (47, 813, 3), (47, 813, 2), (47, 814, 3), (47, 814, 2), (47, 815, 3), (47, 815, 2), (47, 816, 3), (47, 816, 2), (47, 817, 3), (47, 817, 2), (47, 818, 3), (47, 818, 2),
(48, 801, 3), (48, 801, 2), (48, 802, 3), (48, 802, 2), (48, 803, 3), (48, 803, 2), (48, 804, 3), (48, 804, 2), (48, 805, 3), (48, 805, 2), (48, 806, 3), (48, 806, 2), (48, 807, 3), (48, 807, 2), (48, 808, 3), (48, 808, 2), (48, 809, 3), (48, 809, 2), (48, 810, 3), (48, 810, 2), (48, 811, 3), (48, 811, 2), (48, 812, 3), (48, 812, 2), (48, 813, 3), (48, 813, 2), (48, 814, 3), (48, 814, 2), (48, 815, 3), (48, 815, 2), (48, 816, 3), (48, 816, 2), (48, 817, 3), (48, 817, 2), (48, 818, 3), (48, 818, 2),
(49, 801, 3), (49, 801, 2), (49, 802, 3), (49, 802, 2), (49, 803, 3), (49, 803, 2), (49, 804, 3), (49, 804, 2), (49, 805, 3), (49, 805, 2), (49, 806, 3), (49, 806, 2), (49, 807, 3), (49, 807, 2), (49, 808, 3), (49, 808, 2), (49, 809, 3), (49, 809, 2), (49, 810, 3), (49, 810, 2), (49, 811, 3), (49, 811, 2), (49, 812, 3), (49, 812, 2), (49, 813, 3), (49, 813, 2), (49, 814, 3), (49, 814, 2), (49, 815, 3), (49, 815, 2), (49, 816, 3), (49, 816, 2), (49, 817, 3), (49, 817, 2), (49, 818, 3), (49, 818, 2),
(50, 801, 3), (50, 801, 2), (50, 802, 3), (50, 802, 2), (50, 803, 3), (50, 803, 2), (50, 804, 3), (50, 804, 2), (50, 805, 3), (50, 805, 2), (50, 806, 3), (50, 806, 2), (50, 807, 3), (50, 807, 2), (50, 808, 3), (50, 808, 2), (50, 809, 3), (50, 809, 2), (50, 810, 3), (50, 810, 2), (50, 811, 3), (50, 811, 2), (50, 812, 3), (50, 812, 2), (50, 813, 3), (50, 813, 2), (50, 814, 3), (50, 814, 2), (50, 815, 3), (50, 815, 2), (50, 816, 3), (50, 816, 2), (50, 817, 3), (50, 817, 2), (50, 818, 3), (50, 818, 2),
(51, 801, 3), (51, 801, 2), (51, 802, 3), (51, 802, 2), (51, 803, 3), (51, 803, 2), (51, 804, 3), (51, 804, 2), (51, 805, 3), (51, 805, 2), (51, 806, 3), (51, 806, 2), (51, 807, 3), (51, 807, 2), (51, 808, 3), (51, 808, 2), (51, 809, 3), (51, 809, 2), (51, 810, 3), (51, 810, 2), (51, 811, 3), (51, 811, 2), (51, 812, 3), (51, 812, 2), (51, 813, 3), (51, 813, 2), (51, 814, 3), (51, 814, 2), (51, 815, 3), (51, 815, 2), (51, 816, 3), (51, 816, 2), (51, 817, 3), (51, 817, 2), (51, 818, 3), (51, 818, 2),
(52, 801, 3), (52, 801, 2), (52, 802, 3), (52, 802, 2), (52, 803, 3), (52, 803, 2), (52, 804, 3), (52, 804, 2), (52, 805, 3), (52, 805, 2), (52, 806, 3), (52, 806, 2), (52, 807, 3), (52, 807, 2), (52, 808, 3), (52, 808, 2), (52, 809, 3), (52, 809, 2), (52, 810, 3), (52, 810, 2), (52, 811, 3), (52, 811, 2), (52, 812, 3), (52, 812, 2), (52, 813, 3), (52, 813, 2), (52, 814, 3), (52, 814, 2), (52, 815, 3), (52, 815, 2), (52, 816, 3), (52, 816, 2), (52, 817, 3), (52, 817, 2), (52, 818, 3), (52, 818, 2),
-- 9 этаж
(53, 901, 3), (53, 901, 2), (53, 902, 3), (53, 902, 2), (53, 903, 3), (53, 903, 2), (53, 904, 3), (53, 904, 2), (53, 905, 3), (53, 905, 2), (53, 906, 3), (53, 906, 2), (53, 907, 3), (53, 907, 2), (53, 908, 3), (53, 908, 2), (53, 909, 3), (53, 909, 2), (53, 910, 3), (53, 910, 2), (53, 911, 3), (53, 911, 2), (53, 912, 3), (53, 912, 2), (53, 913, 3), (53, 913, 2), (53, 914, 3), (53, 914, 2), (53, 915, 3), (53, 915, 2), (53, 916, 3), (53, 916, 2), (53, 917, 3), (53, 917, 2), (53, 918, 3), (53, 918, 2),
(54, 901, 3), (54, 901, 2), (54, 902, 3), (54, 902, 2), (54, 903, 3), (54, 903, 2), (54, 904, 3), (54, 904, 2), (54, 905, 3), (54, 905, 2), (54, 906, 3), (54, 906, 2), (54, 907, 3), (54, 907, 2), (54, 908, 3), (54, 908, 2), (54, 909, 3), (54, 909, 2), (54, 910, 3), (54, 910, 2), (54, 911, 3), (54, 911, 2), (54, 912, 3), (54, 912, 2), (54, 913, 3), (54, 913, 2), (54, 914, 3), (54, 914, 2), (54, 915, 3), (54, 915, 2), (54, 916, 3), (54, 916, 2), (54, 917, 3), (54, 917, 2), (54, 918, 3), (54, 918, 2),
(55, 901, 3), (55, 901, 2), (55, 902, 3), (55, 902, 2), (55, 903, 3), (55, 903, 2), (55, 904, 3), (55, 904, 2), (55, 905, 3), (55, 905, 2), (55, 906, 3), (55, 906, 2), (55, 907, 3), (55, 907, 2), (55, 908, 3), (55, 908, 2), (55, 909, 3), (55, 909, 2), (55, 910, 3), (55, 910, 2), (55, 911, 3), (55, 911, 2), (55, 912, 3), (55, 912, 2), (55, 913, 3), (55, 913, 2), (55, 914, 3), (55, 914, 2), (55, 915, 3), (55, 915, 2), (55, 916, 3), (55, 916, 2), (55, 917, 3), (55, 917, 2), (55, 918, 3), (55, 918, 2),
(56, 901, 3), (56, 901, 2), (56, 902, 3), (56, 902, 2), (56, 903, 3), (56, 903, 2), (56, 904, 3), (56, 904, 2), (56, 905, 3), (56, 905, 2), (56, 906, 3), (56, 906, 2), (56, 907, 3), (56, 907, 2), (56, 908, 3), (56, 908, 2), (56, 909, 3), (56, 909, 2), (56, 910, 3), (56, 910, 2), (56, 911, 3), (56, 911, 2), (56, 912, 3), (56, 912, 2), (56, 913, 3), (56, 913, 2), (56, 914, 3), (56, 914, 2), (56, 915, 3), (56, 915, 2), (56, 916, 3), (56, 916, 2), (56, 917, 3), (56, 917, 2), (56, 918, 3), (56, 918, 2),
(57, 901, 3), (57, 901, 2), (57, 902, 3), (57, 902, 2), (57, 903, 3), (57, 903, 2), (57, 904, 3), (57, 904, 2), (57, 905, 3), (57, 905, 2), (57, 906, 3), (57, 906, 2), (57, 907, 3), (57, 907, 2), (57, 908, 3), (57, 908, 2), (57, 909, 3), (57, 909, 2), (57, 910, 3), (57, 910, 2), (57, 911, 3), (57, 911, 2), (57, 912, 3), (57, 912, 2), (57, 913, 3), (57, 913, 2), (57, 914, 3), (57, 914, 2), (57, 915, 3), (57, 915, 2), (57, 916, 3), (57, 916, 2), (57, 917, 3), (57, 917, 2), (57, 918, 3), (57, 918, 2),
(58, 901, 3), (58, 901, 2), (58, 902, 3), (58, 902, 2), (58, 903, 3), (58, 903, 2), (58, 904, 3), (58, 904, 2), (58, 905, 3), (58, 905, 2), (58, 906, 3), (58, 906, 2), (58, 907, 3), (58, 907, 2), (58, 908, 3), (58, 908, 2), (58, 909, 3), (58, 909, 2), (58, 910, 3), (58, 910, 2), (58, 911, 3), (58, 911, 2), (58, 912, 3), (58, 912, 2), (58, 913, 3), (58, 913, 2), (58, 914, 3), (58, 914, 2), (58, 915, 3), (58, 915, 2), (58, 916, 3), (58, 916, 2), (58, 917, 3), (58, 917, 2), (58, 918, 3), (58, 918, 2),
-- 10 этаж
(59, 1001, 3), (59, 1001, 2), (59, 1002, 3), (59, 1002, 2), (59, 1003, 3), (59, 1003, 2), (59, 1004, 3), (59, 1004, 2), (59, 1005, 3), (59, 1005, 2), (59, 1006, 3), (59, 1006, 2), (59, 1007, 3), (59, 1007, 2), (59, 1008, 3), (59, 1008, 2), (59, 1009, 3), (59, 1009, 2), (59, 1010, 3), (59, 1010, 2), (59, 1011, 3), (59, 1011, 2), (59, 1012, 3), (59, 1012, 2), (59, 1013, 3), (59, 1013, 2), (59, 1014, 3), (59, 1014, 2), (59, 1015, 3), (59, 1015, 2), (59, 1016, 3), (59, 1016, 2), (59, 1017, 3), (59, 1017, 2), (59, 1018, 3), (59, 1018, 2),
(60, 1001, 3), (60, 1001, 2), (60, 1002, 3), (60, 1002, 2), (60, 1003, 3), (60, 1003, 2), (60, 1004, 3), (60, 1004, 2), (60, 1005, 3), (60, 1005, 2), (60, 1006, 3), (60, 1006, 2), (60, 1007, 3), (60, 1007, 2), (60, 1008, 3), (60, 1008, 2), (60, 1009, 3), (60, 1009, 2), (60, 1010, 3), (60, 1010, 2), (60, 1011, 3), (60, 1011, 2), (60, 1012, 3), (60, 1012, 2), (60, 1013, 3), (60, 1013, 2), (60, 1014, 3), (60, 1014, 2), (60, 1015, 3), (60, 1015, 2), (60, 1016, 3), (60, 1016, 2), (60, 1017, 3), (60, 1017, 2), (60, 1018, 3), (60, 1018, 2),
(61, 1001, 3), (61, 1001, 2), (61, 1002, 3), (61, 1002, 2), (61, 1003, 3), (61, 1003, 2), (61, 1004, 3), (61, 1004, 2), (61, 1005, 3), (61, 1005, 2), (61, 1006, 3), (61, 1006, 2), (61, 1007, 3), (61, 1007, 2), (61, 1008, 3), (61, 1008, 2), (61, 1009, 3), (61, 1009, 2), (61, 1010, 3), (61, 1010, 2), (61, 1011, 3), (61, 1011, 2), (61, 1012, 3), (61, 1012, 2), (61, 1013, 3), (61, 1013, 2), (61, 1014, 3), (61, 1014, 2), (61, 1015, 3), (61, 1015, 2), (61, 1016, 3), (61, 1016, 2), (61, 1017, 3), (61, 1017, 2), (61, 1018, 3), (61, 1018, 2),
(62, 1001, 3), (62, 1001, 2), (62, 1002, 3), (62, 1002, 2), (62, 1003, 3), (62, 1003, 2), (62, 1004, 3), (62, 1004, 2), (62, 1005, 3), (62, 1005, 2), (62, 1006, 3), (62, 1006, 2), (62, 1007, 3), (62, 1007, 2), (62, 1008, 3), (62, 1008, 2), (62, 1009, 3), (62, 1009, 2), (62, 1010, 3), (62, 1010, 2), (62, 1011, 3), (62, 1011, 2), (62, 1012, 3), (62, 1012, 2), (62, 1013, 3), (62, 1013, 2), (62, 1014, 3), (62, 1014, 2), (62, 1015, 3), (62, 1015, 2), (62, 1016, 3), (62, 1016, 2), (62, 1017, 3), (62, 1017, 2), (62, 1018, 3), (62, 1018, 2),
(63, 1001, 3), (63, 1001, 2), (63, 1002, 3), (63, 1002, 2), (63, 1003, 3), (63, 1003, 2), (63, 1004, 3), (63, 1004, 2), (63, 1005, 3), (63, 1005, 2), (63, 1006, 3), (63, 1006, 2), (63, 1007, 3), (63, 1007, 2), (63, 1008, 3), (63, 1008, 2), (63, 1009, 3), (63, 1009, 2), (63, 1010, 3), (63, 1010, 2), (63, 1011, 3), (63, 1011, 2), (63, 1012, 3), (63, 1012, 2), (63, 1013, 3), (63, 1013, 2), (63, 1014, 3), (63, 1014, 2), (63, 1015, 3), (63, 1015, 2), (63, 1016, 3), (63, 1016, 2), (63, 1017, 3), (63, 1017, 2), (63, 1018, 3), (63, 1018, 2),
(64, 1001, 3), (64, 1001, 2), (64, 1002, 3), (64, 1002, 2), (64, 1003, 3), (64, 1003, 2), (64, 1004, 3), (64, 1004, 2), (64, 1005, 3), (64, 1005, 2), (64, 1006, 3), (64, 1006, 2), (64, 1007, 3), (64, 1007, 2), (64, 1008, 3), (64, 1008, 2), (64, 1009, 3), (64, 1009, 2), (64, 1010, 3), (64, 1010, 2), (64, 1011, 3), (64, 1011, 2), (64, 1012, 3), (64, 1012, 2), (64, 1013, 3), (64, 1013, 2), (64, 1014, 3), (64, 1014, 2), (64, 1015, 3), (64, 1015, 2), (64, 1016, 3), (64, 1016, 2), (64, 1017, 3), (64, 1017, 2), (64, 1018, 3), (64, 1018, 2),
-- 11 этаж
(65, 1101, 3), (65, 1101, 2), (65, 1102, 3), (65, 1102, 2), (65, 1103, 3), (65, 1103, 2), (65, 1104, 3), (65, 1104, 2), (65, 1105, 3), (65, 1105, 2), (65, 1106, 3), (65, 1106, 2), (65, 1107, 3), (65, 1107, 2), (65, 1108, 3), (65, 1108, 2), (65, 1109, 3), (65, 1109, 2), (65, 1110, 3), (65, 1110, 2), (65, 1111, 3), (65, 1111, 2), (65, 1112, 3), (65, 1112, 2), (65, 1113, 3), (65, 1113, 2), (65, 1114, 3), (65, 1114, 2), (65, 1115, 3), (65, 1115, 2), (65, 1116, 3), (65, 1116, 2), (65, 1117, 3), (65, 1117, 2), (65, 1118, 3), (65, 1118, 2),
(66, 1101, 3), (66, 1101, 2), (66, 1102, 3), (66, 1102, 2), (66, 1103, 3), (66, 1103, 2), (66, 1104, 3), (66, 1104, 2), (66, 1105, 3), (66, 1105, 2), (66, 1106, 3), (66, 1106, 2), (66, 1107, 3), (66, 1107, 2), (66, 1108, 3), (66, 1108, 2), (66, 1109, 3), (66, 1109, 2), (66, 1110, 3), (66, 1110, 2), (66, 1111, 3), (66, 1111, 2), (66, 1112, 3), (66, 1112, 2), (66, 1113, 3), (66, 1113, 2), (66, 1114, 3), (66, 1114, 2), (66, 1115, 3), (66, 1115, 2), (66, 1116, 3), (66, 1116, 2), (66, 1117, 3), (66, 1117, 2), (66, 1118, 3), (66, 1118, 2),
(67, 1101, 3), (67, 1101, 2), (67, 1102, 3), (67, 1102, 2), (67, 1103, 3), (67, 1103, 2), (67, 1104, 3), (67, 1104, 2), (67, 1105, 3), (67, 1105, 2), (67, 1106, 3), (67, 1106, 2), (67, 1107, 3), (67, 1107, 2), (67, 1108, 3), (67, 1108, 2), (67, 1109, 3), (67, 1109, 2), (67, 1110, 3), (67, 1110, 2), (67, 1111, 3), (67, 1111, 2), (67, 1112, 3), (67, 1112, 2), (67, 1113, 3), (67, 1113, 2), (67, 1114, 3), (67, 1114, 2), (67, 1115, 3), (67, 1115, 2), (67, 1116, 3), (67, 1116, 2), (67, 1117, 3), (67, 1117, 2), (67, 1118, 3), (67, 1118, 2),
(68, 1101, 3), (68, 1101, 2), (68, 1102, 3), (68, 1102, 2), (68, 1103, 3), (68, 1103, 2), (68, 1104, 3), (68, 1104, 2), (68, 1105, 3), (68, 1105, 2), (68, 1106, 3), (68, 1106, 2), (68, 1107, 3), (68, 1107, 2), (68, 1108, 3), (68, 1108, 2), (68, 1109, 3), (68, 1109, 2), (68, 1110, 3), (68, 1110, 2), (68, 1111, 3), (68, 1111, 2), (68, 1112, 3), (68, 1112, 2), (68, 1113, 3), (68, 1113, 2), (68, 1114, 3), (68, 1114, 2), (68, 1115, 3), (68, 1115, 2), (68, 1116, 3), (68, 1116, 2), (68, 1117, 3), (68, 1117, 2), (68, 1118, 3), (68, 1118, 2),
(69, 1101, 3), (69, 1101, 2), (69, 1102, 3), (69, 1102, 2), (69, 1103, 3), (69, 1103, 2), (69, 1104, 3), (69, 1104, 2), (69, 1105, 3), (69, 1105, 2), (69, 1106, 3), (69, 1106, 2), (69, 1107, 3), (69, 1107, 2), (69, 1108, 3), (69, 1108, 2), (69, 1109, 3), (69, 1109, 2), (69, 1110, 3), (69, 1110, 2), (69, 1111, 3), (69, 1111, 2), (69, 1112, 3), (69, 1112, 2), (69, 1113, 3), (69, 1113, 2), (69, 1114, 3), (69, 1114, 2), (69, 1115, 3), (69, 1115, 2), (69, 1116, 3), (69, 1116, 2), (69, 1117, 3), (69, 1117, 2), (69, 1118, 3), (69, 1118, 2),
(70, 1101, 3), (70, 1101, 2), (70, 1102, 3), (70, 1102, 2), (70, 1103, 3), (70, 1103, 2), (70, 1104, 3), (70, 1104, 2), (70, 1105, 3), (70, 1105, 2), (70, 1106, 3), (70, 1106, 2), (70, 1107, 3), (70, 1107, 2), (70, 1108, 3), (70, 1108, 2), (70, 1109, 3), (70, 1109, 2), (70, 1110, 3), (70, 1110, 2), (70, 1111, 3), (70, 1111, 2), (70, 1112, 3), (70, 1112, 2), (70, 1113, 3), (70, 1113, 2), (70, 1114, 3), (70, 1114, 2), (70, 1115, 3), (70, 1115, 2), (70, 1116, 3), (70, 1116, 2), (70, 1117, 3), (70, 1117, 2), (70, 1118, 3), (70, 1118, 2),
-- 12 этаж
(71, 1201, 3), (71, 1201, 2), (71, 1202, 3), (71, 1202, 2), (71, 1203, 3), (71, 1203, 2), (71, 1204, 3), (71, 1204, 2), (71, 1205, 3), (71, 1205, 2), (71, 1206, 3), (71, 1206, 2), (71, 1207, 3), (71, 1207, 2), (71, 1208, 3), (71, 1208, 2), (71, 1209, 3), (71, 1209, 2), (71, 1210, 3), (71, 1210, 2), (71, 1211, 3), (71, 1211, 2), (71, 1212, 3), (71, 1212, 2), (71, 1213, 3), (71, 1213, 2), (71, 1214, 3), (71, 1214, 2), (71, 1215, 3), (71, 1215, 2), (71, 1216, 3), (71, 1216, 2), (71, 1217, 3), (71, 1217, 2), (71, 1218, 3), (71, 1218, 2),
(72, 1201, 3), (72, 1201, 2), (72, 1202, 3), (72, 1202, 2), (72, 1203, 3), (72, 1203, 2), (72, 1204, 3), (72, 1204, 2), (72, 1205, 3), (72, 1205, 2), (72, 1206, 3), (72, 1206, 2), (72, 1207, 3), (72, 1207, 2), (72, 1208, 3), (72, 1208, 2), (72, 1209, 3), (72, 1209, 2), (72, 1210, 3), (72, 1210, 2), (72, 1211, 3), (72, 1211, 2), (72, 1212, 3), (72, 1212, 2), (72, 1213, 3), (72, 1213, 2), (72, 1214, 3), (72, 1214, 2), (72, 1215, 3), (72, 1215, 2), (72, 1216, 3), (72, 1216, 2), (72, 1217, 3), (72, 1217, 2), (72, 1218, 3), (72, 1218, 2),
(73, 1201, 3), (73, 1201, 2), (73, 1202, 3), (73, 1202, 2), (73, 1203, 3), (73, 1203, 2), (73, 1204, 3), (73, 1204, 2), (73, 1205, 3), (73, 1205, 2), (73, 1206, 3), (73, 1206, 2), (73, 1207, 3), (73, 1207, 2), (73, 1208, 3), (73, 1208, 2), (73, 1209, 3), (73, 1209, 2), (73, 1210, 3), (73, 1210, 2), (73, 1211, 3), (73, 1211, 2), (73, 1212, 3), (73, 1212, 2), (73, 1213, 3), (73, 1213, 2), (73, 1214, 3), (73, 1214, 2), (73, 1215, 3), (73, 1215, 2), (73, 1216, 3), (73, 1216, 2), (73, 1217, 3), (73, 1217, 2), (73, 1218, 3), (73, 1218, 2),
(74, 1201, 3), (74, 1201, 2), (74, 1202, 3), (74, 1202, 2), (74, 1203, 3), (74, 1203, 2), (74, 1204, 3), (74, 1204, 2), (74, 1205, 3), (74, 1205, 2), (74, 1206, 3), (74, 1206, 2), (74, 1207, 3), (74, 1207, 2), (74, 1208, 3), (74, 1208, 2), (74, 1209, 3), (74, 1209, 2), (74, 1210, 3), (74, 1210, 2), (74, 1211, 3), (74, 1211, 2), (74, 1212, 3), (74, 1212, 2), (74, 1213, 3), (74, 1213, 2), (74, 1214, 3), (74, 1214, 2), (74, 1215, 3), (74, 1215, 2), (74, 1216, 3), (74, 1216, 2), (74, 1217, 3), (74, 1217, 2), (74, 1218, 3), (74, 1218, 2),
(75, 1201, 3), (75, 1201, 2), (75, 1202, 3), (75, 1202, 2), (75, 1203, 3), (75, 1203, 2), (75, 1204, 3), (75, 1204, 2), (75, 1205, 3), (75, 1205, 2), (75, 1206, 3), (75, 1206, 2), (75, 1207, 3), (75, 1207, 2), (75, 1208, 3), (75, 1208, 2), (75, 1209, 3), (75, 1209, 2), (75, 1210, 3), (75, 1210, 2), (75, 1211, 3), (75, 1211, 2), (75, 1212, 3), (75, 1212, 2), (75, 1213, 3), (75, 1213, 2), (75, 1214, 3), (75, 1214, 2), (75, 1215, 3), (75, 1215, 2), (75, 1216, 3), (75, 1216, 2), (75, 1217, 3), (75, 1217, 2), (75, 1218, 3), (75, 1218, 2),
(76, 1201, 3), (76, 1201, 2), (76, 1202, 3), (76, 1202, 2), (76, 1203, 3), (76, 1203, 2), (76, 1204, 3), (76, 1204, 2), (76, 1205, 3), (76, 1205, 2), (76, 1206, 3), (76, 1206, 2), (76, 1207, 3), (76, 1207, 2), (76, 1208, 3), (76, 1208, 2), (76, 1209, 3), (76, 1209, 2), (76, 1210, 3), (76, 1210, 2), (76, 1211, 3), (76, 1211, 2), (76, 1212, 3), (76, 1212, 2), (76, 1213, 3), (76, 1213, 2), (76, 1214, 3), (76, 1214, 2), (76, 1215, 3), (76, 1215, 2), (76, 1216, 3), (76, 1216, 2), (76, 1217, 3), (76, 1217, 2), (76, 1218, 3), (76, 1218, 2),
-- 13 этаж 
(77, 1301, 3), (77, 1301, 2), (77, 1302, 3), (77, 1302, 2), (77, 1303, 3), (77, 1303, 2), (77, 1304, 3), (77, 1304, 2), (77, 1305, 3), (77, 1305, 2), (77, 1306, 3), (77, 1306, 2), (77, 1307, 3), (77, 1307, 2), (77, 1308, 3), (77, 1308, 2), (77, 1309, 3), (77, 1309, 2), (77, 1310, 3), (77, 1310, 2), (77, 1311, 3), (77, 1311, 2), (77, 1312, 3), (77, 1312, 2), (77, 1313, 3), (77, 1313, 2), (77, 1314, 3), (77, 1314, 2), (77, 1315, 3), (77, 1315, 2), (77, 1316, 3), (77, 1316, 2), (77, 1317, 3), (77, 1317, 2), (77, 1318, 3), (77, 1318, 2),
(78, 1301, 3), (78, 1301, 2), (78, 1302, 3), (78, 1302, 2), (78, 1303, 3), (78, 1303, 2), (78, 1304, 3), (78, 1304, 2), (78, 1305, 3), (78, 1305, 2), (78, 1306, 3), (78, 1306, 2), (78, 1307, 3), (78, 1307, 2), (78, 1308, 3), (78, 1308, 2), (78, 1309, 3), (78, 1309, 2), (78, 1310, 3), (78, 1310, 2), (78, 1311, 3), (78, 1311, 2), (78, 1312, 3), (78, 1312, 2), (78, 1313, 3), (78, 1313, 2), (78, 1314, 3), (78, 1314, 2), (78, 1315, 3), (78, 1315, 2), (78, 1316, 3), (78, 1316, 2), (78, 1317, 3), (78, 1317, 2), (78, 1318, 3), (78, 1318, 2),
(79, 1301, 3), (79, 1301, 2), (79, 1302, 3), (79, 1302, 2), (79, 1303, 3), (79, 1303, 2), (79, 1304, 3), (79, 1304, 2), (79, 1305, 3), (79, 1305, 2), (79, 1306, 3), (79, 1306, 2), (79, 1307, 3), (79, 1307, 2), (79, 1308, 3), (79, 1308, 2), (79, 1309, 3), (79, 1309, 2), (79, 1310, 3), (79, 1310, 2), (79, 1311, 3), (79, 1311, 2), (79, 1312, 3), (79, 1312, 2), (79, 1313, 3), (79, 1313, 2), (79, 1314, 3), (79, 1314, 2), (79, 1315, 3), (79, 1315, 2), (79, 1316, 3), (79, 1316, 2), (79, 1317, 3), (79, 1317, 2), (79, 1318, 3), (79, 1318, 2),
(80, 1301, 3), (80, 1301, 2), (80, 1302, 3), (80, 1302, 2), (80, 1303, 3), (80, 1303, 2), (80, 1304, 3), (80, 1304, 2), (80, 1305, 3), (80, 1305, 2), (80, 1306, 3), (80, 1306, 2), (80, 1307, 3), (80, 1307, 2), (80, 1308, 3), (80, 1308, 2), (80, 1309, 3), (80, 1309, 2), (80, 1310, 3), (80, 1310, 2), (80, 1311, 3), (80, 1311, 2), (80, 1312, 3), (80, 1312, 2), (80, 1313, 3), (80, 1313, 2), (80, 1314, 3), (80, 1314, 2), (80, 1315, 3), (80, 1315, 2), (80, 1316, 3), (80, 1316, 2), (80, 1317, 3), (80, 1317, 2), (80, 1318, 3), (80, 1318, 2),
(81, 1301, 3), (81, 1301, 2), (81, 1302, 3), (81, 1302, 2), (81, 1303, 3), (81, 1303, 2), (81, 1304, 3), (81, 1304, 2), (81, 1305, 3), (81, 1305, 2), (81, 1306, 3), (81, 1306, 2), (81, 1307, 3), (81, 1307, 2), (81, 1308, 3), (81, 1308, 2), (81, 1309, 3), (81, 1309, 2), (81, 1310, 3), (81, 1310, 2), (81, 1311, 3), (81, 1311, 2), (81, 1312, 3), (81, 1312, 2), (81, 1313, 3), (81, 1313, 2), (81, 1314, 3), (81, 1314, 2), (81, 1315, 3), (81, 1315, 2), (81, 1316, 3), (81, 1316, 2), (81, 1317, 3), (81, 1317, 2), (81, 1318, 3), (81, 1318, 2),
(82, 1301, 3), (82, 1301, 2), (82, 1302, 3), (82, 1302, 2), (82, 1303, 3), (82, 1303, 2), (82, 1304, 3), (82, 1304, 2), (82, 1305, 3), (82, 1305, 2), (82, 1306, 3), (82, 1306, 2), (82, 1307, 3), (82, 1307, 2), (82, 1308, 3), (82, 1308, 2), (82, 1309, 3), (82, 1309, 2), (82, 1310, 3), (82, 1310, 2), (82, 1311, 3), (82, 1311, 2), (82, 1312, 3), (82, 1312, 2), (82, 1313, 3), (82, 1313, 2), (82, 1314, 3), (82, 1314, 2), (82, 1315, 3), (82, 1315, 2), (82, 1316, 3), (82, 1316, 2), (82, 1317, 3), (82, 1317, 2), (82, 1318, 3), (82, 1318, 2),
-- 14 этаж
(83, 1401, 3), (83, 1401, 2), (83, 1402, 3), (83, 1402, 2), (83, 1403, 3), (83, 1403, 2), (83, 1404, 3), (83, 1404, 2), (83, 1405, 3), (83, 1405, 2), (83, 1406, 3), (83, 1406, 2), (83, 1407, 3), (83, 1407, 2), (83, 1408, 3), (83, 1408, 2), (83, 1409, 3), (83, 1409, 2), (83, 1410, 3), (83, 1410, 2), (83, 1411, 3), (83, 1411, 2), (83, 1412, 3), (83, 1412, 2), (83, 1413, 3), (83, 1413, 2), (83, 1414, 3), (83, 1414, 2), (83, 1415, 3), (83, 1415, 2), (83, 1416, 3), (83, 1416, 2), (83, 1417, 3), (83, 1417, 2), (83, 1418, 3), (83, 1418, 2),
(84, 1401, 3), (84, 1401, 2), (84, 1402, 3), (84, 1402, 2), (84, 1403, 3), (84, 1403, 2), (84, 1404, 3), (84, 1404, 2), (84, 1405, 3), (84, 1405, 2), (84, 1406, 3), (84, 1406, 2), (84, 1407, 3), (84, 1407, 2), (84, 1408, 3), (84, 1408, 2), (84, 1409, 3), (84, 1409, 2), (84, 1410, 3), (84, 1410, 2), (84, 1411, 3), (84, 1411, 2), (84, 1412, 3), (84, 1412, 2), (84, 1413, 3), (84, 1413, 2), (84, 1414, 3), (84, 1414, 2), (84, 1415, 3), (84, 1415, 2), (84, 1416, 3), (84, 1416, 2), (84, 1417, 3), (84, 1417, 2), (84, 1418, 3), (84, 1418, 2),
(85, 1401, 3), (85, 1401, 2), (85, 1402, 3), (85, 1402, 2), (85, 1403, 3), (85, 1403, 2), (85, 1404, 3), (85, 1404, 2), (85, 1405, 3), (85, 1405, 2), (85, 1406, 3), (85, 1406, 2), (85, 1407, 3), (85, 1407, 2), (85, 1408, 3), (85, 1408, 2), (85, 1409, 3), (85, 1409, 2), (85, 1410, 3), (85, 1410, 2), (85, 1411, 3), (85, 1411, 2), (85, 1412, 3), (85, 1412, 2), (85, 1413, 3), (85, 1413, 2), (85, 1414, 3), (85, 1414, 2), (85, 1415, 3), (85, 1415, 2), (85, 1416, 3), (85, 1416, 2), (85, 1417, 3), (85, 1417, 2), (85, 1418, 3), (85, 1418, 2),
(86, 1401, 3), (86, 1401, 2), (86, 1402, 3), (86, 1402, 2), (86, 1403, 3), (86, 1403, 2), (86, 1404, 3), (86, 1404, 2), (86, 1405, 3), (86, 1405, 2), (86, 1406, 3), (86, 1406, 2), (86, 1407, 3), (86, 1407, 2), (86, 1408, 3), (86, 1408, 2), (86, 1409, 3), (86, 1409, 2), (86, 1410, 3), (86, 1410, 2), (86, 1411, 3), (86, 1411, 2), (86, 1412, 3), (86, 1412, 2), (86, 1413, 3), (86, 1413, 2), (86, 1414, 3), (86, 1414, 2), (86, 1415, 3), (86, 1415, 2), (86, 1416, 3), (86, 1416, 2), (86, 1417, 3), (86, 1417, 2), (86, 1418, 3), (86, 1418, 2),
(87, 1401, 3), (87, 1401, 2), (87, 1402, 3), (87, 1402, 2), (87, 1403, 3), (87, 1403, 2), (87, 1404, 3), (87, 1404, 2), (87, 1405, 3), (87, 1405, 2), (87, 1406, 3), (87, 1406, 2), (87, 1407, 3), (87, 1407, 2), (87, 1408, 3), (87, 1408, 2), (87, 1409, 3), (87, 1409, 2), (87, 1410, 3), (87, 1410, 2), (87, 1411, 3), (87, 1411, 2), (87, 1412, 3), (87, 1412, 2), (87, 1413, 3), (87, 1413, 2), (87, 1414, 3), (87, 1414, 2), (87, 1415, 3), (87, 1415, 2), (87, 1416, 3), (87, 1416, 2), (87, 1417, 3), (87, 1417, 2), (87, 1418, 3), (87, 1418, 2),
(88, 1401, 3), (88, 1401, 2), (88, 1402, 3), (88, 1402, 2), (88, 1403, 3), (88, 1403, 2), (88, 1404, 3), (88, 1404, 2), (88, 1405, 3), (88, 1405, 2), (88, 1406, 3), (88, 1406, 2), (88, 1407, 3), (88, 1407, 2), (88, 1408, 3), (88, 1408, 2), (88, 1409, 3), (88, 1409, 2), (88, 1410, 3), (88, 1410, 2), (88, 1411, 3), (88, 1411, 2), (88, 1412, 3), (88, 1412, 2), (88, 1413, 3), (88, 1413, 2), (88, 1414, 3), (88, 1414, 2), (88, 1415, 3), (88, 1415, 2), (88, 1416, 3), (88, 1416, 2), (88, 1417, 3), (88, 1417, 2), (88, 1418, 3), (88, 1418, 2),
-- 15 этаж
(89, 1501, 3), (89, 1501, 2), (89, 1502, 3), (89, 1502, 2), (89, 1503, 3), (89, 1503, 2), (89, 1504, 3), (89, 1504, 2), (89, 1505, 3), (89, 1505, 2), (89, 1506, 3), (89, 1506, 2), (89, 1507, 3), (89, 1507, 2), (89, 1508, 3), (89, 1508, 2), (89, 1509, 3), (89, 1509, 2), (89, 1510, 3), (89, 1510, 2), (89, 1511, 3), (89, 1511, 2), (89, 1512, 3), (89, 1512, 2), (89, 1513, 3), (89, 1513, 2), (89, 1514, 3), (89, 1514, 2), (89, 1515, 3), (89, 1515, 2), (89, 1516, 3), (89, 1516, 2), (89, 1517, 3), (89, 1517, 2), (89, 1518, 3), (89, 1518, 2),
(90, 1501, 3), (90, 1501, 2), (90, 1502, 3), (90, 1502, 2), (90, 1503, 3), (90, 1503, 2), (90, 1504, 3), (90, 1504, 2), (90, 1505, 3), (90, 1505, 2), (90, 1506, 3), (90, 1506, 2), (90, 1507, 3), (90, 1507, 2), (90, 1508, 3), (90, 1508, 2), (90, 1509, 3), (90, 1509, 2), (90, 1510, 3), (90, 1510, 2), (90, 1511, 3), (90, 1511, 2), (90, 1512, 3), (90, 1512, 2), (90, 1513, 3), (90, 1513, 2), (90, 1514, 3), (90, 1514, 2), (90, 1515, 3), (90, 1515, 2), (90, 1516, 3), (90, 1516, 2), (90, 1517, 3), (90, 1517, 2), (90, 1518, 3), (90, 1518, 2),
(91, 1501, 3), (91, 1501, 2), (91, 1502, 3), (91, 1502, 2), (91, 1503, 3), (91, 1503, 2), (91, 1504, 3), (91, 1504, 2), (91, 1505, 3), (91, 1505, 2), (91, 1506, 3), (91, 1506, 2), (91, 1507, 3), (91, 1507, 2), (91, 1508, 3), (91, 1508, 2), (91, 1509, 3), (91, 1509, 2), (91, 1510, 3), (91, 1510, 2), (91, 1511, 3), (91, 1511, 2), (91, 1512, 3), (91, 1512, 2), (91, 1513, 3), (91, 1513, 2), (91, 1514, 3), (91, 1514, 2), (91, 1515, 3), (91, 1515, 2), (91, 1516, 3), (91, 1516, 2), (91, 1517, 3), (91, 1517, 2), (91, 1518, 3), (91, 1518, 2),
(92, 1501, 3), (92, 1501, 2), (92, 1502, 3), (92, 1502, 2), (92, 1503, 3), (92, 1503, 2), (92, 1504, 3), (92, 1504, 2), (92, 1505, 3), (92, 1505, 2), (92, 1506, 3), (92, 1506, 2), (92, 1507, 3), (92, 1507, 2), (92, 1508, 3), (92, 1508, 2), (92, 1509, 3), (92, 1509, 2), (92, 1510, 3), (92, 1510, 2), (92, 1511, 3), (92, 1511, 2), (92, 1512, 3), (92, 1512, 2), (92, 1513, 3), (92, 1513, 2), (92, 1514, 3), (92, 1514, 2), (92, 1515, 3), (92, 1515, 2), (92, 1516, 3), (92, 1516, 2), (92, 1517, 3), (92, 1517, 2), (92, 1518, 3), (92, 1518, 2),
(93, 1501, 3), (93, 1501, 2), (93, 1502, 3), (93, 1502, 2), (93, 1503, 3), (93, 1503, 2), (93, 1504, 3), (93, 1504, 2), (93, 1505, 3), (93, 1505, 2), (93, 1506, 3), (93, 1506, 2), (93, 1507, 3), (93, 1507, 2), (93, 1508, 3), (93, 1508, 2), (93, 1509, 3), (93, 1509, 2), (93, 1510, 3), (93, 1510, 2), (93, 1511, 3), (93, 1511, 2), (93, 1512, 3), (93, 1512, 2), (93, 1513, 3), (93, 1513, 2), (93, 1514, 3), (93, 1514, 2), (93, 1515, 3), (93, 1515, 2), (93, 1516, 3), (93, 1516, 2), (93, 1517, 3), (93, 1517, 2), (93, 1518, 3), (93, 1518, 2),
(94, 1501, 3), (94, 1501, 2), (94, 1502, 3), (94, 1502, 2), (94, 1503, 3), (94, 1503, 2), (94, 1504, 3), (94, 1504, 2), (94, 1505, 3), (94, 1505, 2), (94, 1506, 3), (94, 1506, 2), (94, 1507, 3), (94, 1507, 2), (94, 1508, 3), (94, 1508, 2), (94, 1509, 3), (94, 1509, 2), (94, 1510, 3), (94, 1510, 2), (94, 1511, 3), (94, 1511, 2), (94, 1512, 3), (94, 1512, 2), (94, 1513, 3), (94, 1513, 2), (94, 1514, 3), (94, 1514, 2), (94, 1515, 3), (94, 1515, 2), (94, 1516, 3), (94, 1516, 2), (94, 1517, 3), (94, 1517, 2), (94, 1518, 3), (94, 1518, 2),
-- 16 этаж
(95, 1601, 3), (95, 1601, 2), (95, 1602, 3), (95, 1602, 2), (95, 1603, 3), (95, 1603, 2), (95, 1604, 3), (95, 1604, 2), (95, 1605, 3), (95, 1605, 2), (95, 1606, 3), (95, 1606, 2), (95, 1607, 3), (95, 1607, 2), (95, 1608, 3), (95, 1608, 2), (95, 1609, 3), (95, 1609, 2), (95, 1610, 3), (95, 1610, 2), (95, 1611, 3), (95, 1611, 2), (95, 1612, 3), (95, 1612, 2), (95, 1613, 3), (95, 1613, 2), (95, 1614, 3), (95, 1614, 2), (95, 1615, 3), (95, 1615, 2), (95, 1616, 3), (95, 1616, 2), (95, 1617, 3), (95, 1617, 2), (95, 1618, 3), (95, 1618, 2),
(96, 1601, 3), (96, 1601, 2), (96, 1602, 3), (96, 1602, 2), (96, 1603, 3), (96, 1603, 2), (96, 1604, 3), (96, 1604, 2), (96, 1605, 3), (96, 1605, 2), (96, 1606, 3), (96, 1606, 2), (96, 1607, 3), (96, 1607, 2), (96, 1608, 3), (96, 1608, 2), (96, 1609, 3), (96, 1609, 2), (96, 1610, 3), (96, 1610, 2), (96, 1611, 3), (96, 1611, 2), (96, 1612, 3), (96, 1612, 2), (96, 1613, 3), (96, 1613, 2), (96, 1614, 3), (96, 1614, 2), (96, 1615, 3), (96, 1615, 2), (96, 1616, 3), (96, 1616, 2), (96, 1617, 3), (96, 1617, 2), (96, 1618, 3), (96, 1618, 2),
(97, 1601, 3), (97, 1601, 2), (97, 1602, 3), (97, 1602, 2), (97, 1603, 3), (97, 1603, 2), (97, 1604, 3), (97, 1604, 2), (97, 1605, 3), (97, 1605, 2), (97, 1606, 3), (97, 1606, 2), (97, 1607, 3), (97, 1607, 2), (97, 1608, 3), (97, 1608, 2), (97, 1609, 3), (97, 1609, 2), (97, 1610, 3), (97, 1610, 2), (97, 1611, 3), (97, 1611, 2), (97, 1612, 3), (97, 1612, 2), (97, 1613, 3), (97, 1613, 2), (97, 1614, 3), (97, 1614, 2), (97, 1615, 3), (97, 1615, 2), (97, 1616, 3), (97, 1616, 2), (97, 1617, 3), (97, 1617, 2), (97, 1618, 3), (97, 1618, 2),
(98, 1601, 3), (98, 1601, 2), (98, 1602, 3), (98, 1602, 2), (98, 1603, 3), (98, 1603, 2), (98, 1604, 3), (98, 1604, 2), (98, 1605, 3), (98, 1605, 2), (98, 1606, 3), (98, 1606, 2), (98, 1607, 3), (98, 1607, 2), (98, 1608, 3), (98, 1608, 2), (98, 1609, 3), (98, 1609, 2), (98, 1610, 3), (98, 1610, 2), (98, 1611, 3), (98, 1611, 2), (98, 1612, 3), (98, 1612, 2), (98, 1613, 3), (98, 1613, 2), (98, 1614, 3), (98, 1614, 2), (98, 1615, 3), (98, 1615, 2), (98, 1616, 3), (98, 1616, 2), (98, 1617, 3), (98, 1617, 2), (98, 1618, 3), (98, 1618, 2),
(99, 1601, 3), (99, 1601, 2), (99, 1602, 3), (99, 1602, 2), (99, 1603, 3), (99, 1603, 2), (99, 1604, 3), (99, 1604, 2), (99, 1605, 3), (99, 1605, 2), (99, 1606, 3), (99, 1606, 2), (99, 1607, 3), (99, 1607, 2), (99, 1608, 3), (99, 1608, 2), (99, 1609, 3), (99, 1609, 2), (99, 1610, 3), (99, 1610, 2), (99, 1611, 3), (99, 1611, 2), (99, 1612, 3), (99, 1612, 2), (99, 1613, 3), (99, 1613, 2), (99, 1614, 3), (99, 1614, 2), (99, 1615, 3), (99, 1615, 2), (99, 1616, 3), (99, 1616, 2), (99, 1617, 3), (99, 1617, 2), (99, 1618, 3), (99, 1618, 2),
(100, 1601, 3), (100, 1601, 2), (100, 1602, 3), (100, 1602, 2), (100, 1603, 3), (100, 1603, 2), (100, 1604, 3), (100, 1604, 2), (100, 1605, 3), (100, 1605, 2), (100, 1606, 3), (100, 1606, 2), (100, 1607, 3), (100, 1607, 2), (100, 1608, 3), (100, 1608, 2), (100, 1609, 3), (100, 1609, 2), (100, 1610, 3), (100, 1610, 2), (100, 1611, 3), (100, 1611, 2), (100, 1612, 3), (100, 1612, 2), (100, 1613, 3), (100, 1613, 2), (100, 1614, 3), (100, 1614, 2), (100, 1615, 3), (100, 1615, 2), (100, 1616, 3), (100, 1616, 2), (100, 1617, 3), (100, 1617, 2), (100, 1618, 3), (100, 1618, 2),
